img_id,bb_age
192,old
241,old
294,old
328,young
338,old
395,old
415,old
428,young
459,old
474,young
536,young
544,old
564,old
589,young
623,old
692,young
693,young
785,old
831,young
872,old
885,old
962,old
999,old
1000,young
1089,old
1146,old
1149,old
1164,young
1180,old
1268,young
1292,young
1296,young
1369,old
1404,young
1436,old
1591,old
1592,young
1667,young
1668,old
1700,young
1757,old
1841,old
1948,old
1955,young
2142,old
2153,old
2225,young
2235,old
2239,young
2261,old
2477,old
2525,young
2562,old
3103,old
3109,young
3156,old
3310,old
3326,old
3488,young
3580,old
3590,old
3716,old
3761,old
3786,old
3837,young
3934,young
3938,old
3964,old
4011,old
4021,old
4066,old
4092,old
4134,old
4187,old
4211,old
4227,young
4243,young
4246,young
4266,old
4275,young
4312,old
4359,old
4386,old
4395,old
4438,old
4498,young
4509,old
4554,old
4592,old
4688,old
4700,young
4731,young
4736,old
4742,young
4765,old
4916,young
4972,old
5001,young
5038,old
5060,old
5064,old
5105,old
5124,young
5205,old
5245,old
5247,old
5325,old
5385,old
5513,young
5529,old
5535,old
5644,young
5670,old
5673,old
5713,young
5728,old
5802,young
5879,old
5961,old
6033,young
6189,old
6471,old
6579,young
6593,old
6658,old
6662,young
6712,young
6719,old
6748,old
6763,old
6847,old
6894,old
6896,old
6906,old
6954,young
7050,old
7088,young
7125,old
7149,old
7207,old
7274,old
7278,old
7298,young
7304,young
7325,old
7333,young
7511,old
7519,old
7593,young
7789,old
7816,old
7873,old
7938,old
7977,old
8065,old
8191,old
8211,old
8443,old
8483,old
8495,old
8532,old
8589,young
8594,old
8647,old
8690,young
8771,old
8803,old
8832,young
8844,old
8923,young
9003,young
9007,old
9105,old
9270,young
9378,old
9448,young
9450,young
9483,old
9590,old
9628,old
9647,old
9800,old
9801,old
9813,old
9891,old
10012,old
10014,old
10023,young
10040,old
10104,old
10123,young
10138,old
10142,old
10149,old
10192,young
10205,old
10249,old
10386,old
10393,old
10442,old
10534,old
10591,old
10644,old
10693,old
10698,old
10705,old
10707,old
10764,old
10766,young
10779,young
10785,young
10825,young
10837,old
10966,old
11034,old
11115,old
11291,old
11300,young
11316,young
11340,old
11449,old
11538,old
11567,old
11625,old
11655,old
11699,young
12020,old
12047,old
12081,old
12085,old
12115,old
12147,old
12153,young
12192,young
12209,old
12238,old
12269,young
12370,old
12448,young
12576,old
12639,young
12700,old
12741,young
12809,old
12817,old
12827,old
12881,old
12897,old
12927,young
12946,old
12947,old
12979,old
12991,old
13081,old
13132,old
13148,old
13177,old
13201,old
13220,young
13291,old
13379,old
13465,old
13473,old
13525,old
13546,young
13550,old
13637,old
13639,old
13659,old
13783,old
13904,old
13943,old
13985,old
14004,old
14029,old
14041,young
14088,old
14135,old
14167,young
14175,old
14248,old
14257,old
14428,young
14547,old
14549,old
14562,old
14591,old
14600,old
14629,old
14635,old
14756,old
14874,old
14892,young
14941,old
14975,old
15017,old
15032,young
15055,old
15067,old
15140,old
15303,young
15345,young
15469,old
15559,old
15581,old
15597,old
15600,young
15663,old
15687,old
15725,old
15738,old
15818,old
15846,old
15883,old
15908,young
15956,old
15968,old
15994,old
16005,young
16064,old
16076,old
16237,old
16238,old
16249,old
16257,young
16285,old
16308,old
16327,old
16356,young
16382,old
16491,old
16521,young
16590,old
16593,old
16598,old
16775,old
16875,old
16879,old
16897,old
16905,old
16959,young
16961,old
17003,old
17073,old
17095,old
17244,old
17267,old
17273,old
17311,old
17449,old
17482,old
17534,old
17776,old
17869,old
17899,old
17905,old
17927,old
18111,old
18150,young
18158,old
18224,old
18336,young
18358,old
18412,young
18444,old
18462,old
18480,old
18519,old
18563,young
18654,old
18666,old
18687,old
18688,old
18699,old
18770,old
18783,old
18794,old
18824,old
18837,old
18928,young
18957,young
18982,old
19032,young
19036,old
19132,young
19157,old
19275,young
19292,old
19313,old
19322,old
19324,old
19432,old
19441,old
19444,young
19446,young
19456,old
19491,young
19592,old
19667,young
19712,old
19716,old
19786,old
19904,old
19924,old
19957,young
20069,young
20070,old
20161,old
20175,old
20178,old
20179,old
20254,old
20276,young
20305,young
20333,young
20342,old
20410,old
20459,old
20598,young
20641,old
20671,old
20788,old
20925,old
20935,old
20965,old
20992,old
21029,old
21310,young
21378,old
21394,old
21470,old
21551,old
21604,old
21641,young
21746,young
21764,old
21779,young
21839,old
21879,young
21889,old
21900,old
21903,old
21924,old
22004,old
22085,old
22103,old
22199,old
22304,old
22341,old
22371,old
22403,young
22423,old
22479,old
22646,old
22656,young
22671,old
22680,young
22705,old
22801,young
22816,young
22850,old
23034,old
23084,young
23117,old
23121,old
23126,old
23359,old
23446,old
23579,old
23584,old
23587,young
23671,old
23709,old
23802,old
23879,old
23895,old
23991,old
24243,old
24391,old
24567,old
24601,old
24609,old
24755,old
24776,young
24869,young
24931,old
24958,old
25005,old
25057,old
25069,old
25096,old
25144,old
25158,young
25228,young
25244,old
25282,old
25293,old
25358,young
25393,old
25394,old
25424,old
25508,old
25560,old
25603,young
25609,old
25654,young
25758,old
25804,young
25860,old
25864,young
25896,old
25984,young
25990,young
25997,young
26024,old
26051,old
26209,old
26374,old
26378,old
26413,old
26507,old
26512,old
26617,old
26624,old
26690,old
26802,old
26817,old
26907,young
26967,old
26992,old
27186,young
27221,old
27371,old
27476,old
27519,old
27528,old
27564,young
27565,young
27569,young
27570,young
27642,old
27731,old
27789,old
27805,young
27871,old
27969,old
27972,old
28194,old
28456,old
28535,old
28671,old
28688,young
28692,young
28702,old
28719,young
28881,old
28998,young
29030,young
29059,young
29080,old
29136,old
29151,old
29358,old
29431,old
29444,old
29521,old
29524,young
29558,young
29573,old
29587,old
29719,young
29727,young
29776,old
29833,old
29934,young
30034,old
30066,young
30067,old
30198,old
30290,old
30347,old
30403,old
30548,old
30549,old
30706,old
30707,old
30851,young
30992,old
31041,old
31061,old
31092,old
31093,old
31106,old
31113,young
31121,old
31164,old
31235,old
31296,old
31368,old
31390,young
31442,old
31471,young
31521,young
31620,old
31699,young
31717,old
31817,old
31825,old
31882,old
31981,old
31983,old
32056,old
32081,old
32124,old
32151,old
32258,old
32300,young
32362,old
32364,old
32400,old
32464,old
32524,old
32538,old
32577,old
32609,young
32645,young
32708,old
32712,old
32777,old
32812,old
32861,old
32887,old
32901,old
32932,old
32947,old
33006,old
33055,old
33116,old
33158,old
33221,old
33368,old
33405,old
33441,young
33576,old
33638,old
33645,young
33672,young
33731,old
33759,young
33815,old
33871,old
33882,young
34015,old
34056,old
34222,old
34234,old
34372,young
34471,old
34500,old
34597,old
34617,old
34657,old
34691,old
34754,old
34786,old
34866,old
34874,old
34900,old
34930,old
34993,old
35049,young
35160,old
35176,old
35206,old
35279,old
35313,old
35504,old
35525,old
35567,young
35672,young
35682,old
35705,young
35738,young
35795,old
35825,old
35827,old
35966,old
36049,old
36051,old
36149,old
36252,old
36311,old
36333,old
36361,old
36420,young
36450,old
36539,old
36561,old
36598,old
36773,old
36810,old
36911,old
37003,old
37158,old
37209,old
37325,young
37354,old
37513,young
37615,old
37616,old
37671,young
37728,young
37734,old
37865,young
37875,young
37882,old
37945,young
37988,old
38155,old
38210,old
38572,old
38586,old
38601,young
38666,young
38678,old
38693,young
38710,young
38721,old
38726,old
38753,young
38828,old
38829,young
38892,young
39072,old
39106,old
39115,young
39152,young
39211,old
39267,old
39322,old
39357,old
39368,old
39480,old
39504,old
39512,old
39551,old
39606,young
39630,old
39656,old
39718,old
39731,young
39844,old
39858,young
39866,young
39951,young
39961,old
40083,old
40275,old
40341,old
40361,old
40515,young
40602,old
40635,old
40705,old
40729,old
40757,young
40813,old
40821,old
40886,old
40924,old
40948,old
41011,old
41020,old
41110,young
41212,old
41572,old
41574,young
41875,young
41899,young
41990,old
42091,old
42102,old
42190,young
42201,young
42260,young
42288,old
42375,young
42399,old
42413,young
42482,young
42492,old
42620,old
42685,young
42697,young
42737,young
42743,old
42752,old
42757,young
42790,old
42834,old
42944,young
42953,old
43098,old
43133,old
43243,old
43286,young
43305,young
43324,young
43344,old
43605,young
43611,old
43625,old
43635,old
43670,old
43693,young
43753,old
43816,old
43957,old
44029,old
44054,old
44065,old
44081,old
44136,old
44165,old
44195,old
44244,young
44279,old
44312,young
44476,young
44536,old
44579,old
44612,old
44621,old
44627,young
44743,young
44795,old
44802,old
44839,young
44952,old
45053,old
45094,old
45136,old
45367,old
45388,young
45392,young
45516,young
45550,old
45627,young
45685,old
45835,old
45844,young
45920,old
46048,young
46155,old
46173,old
46252,old
46269,old
46329,young
46331,old
46433,young
46440,old
46497,young
46616,old
46743,old
46859,old
46872,old
46975,young
47008,old
47181,old
47191,old
47394,old
47419,old
47498,old
47511,old
47516,old
47524,old
47566,old
47570,young
47624,young
47627,old
47686,old
47687,old
47732,young
47739,old
47801,old
47819,old
47837,old
47886,old
48044,old
48104,old
48129,old
48281,old
48320,young
48332,old
48564,young
48575,young
48668,old
48674,old
48684,young
48728,old
48743,old
48791,old
49048,young
49096,old
49151,old
49194,young
49444,old
49450,young
49648,young
49660,old
49688,young
49759,young
49893,old
49942,old
50025,young
50054,old
50145,old
50159,old
50326,old
50434,old
50627,old
50672,young
50713,old
50767,old
50782,old
50811,old
50882,old
51054,old
51181,old
51223,old
51314,young
51324,old
51335,young
51437,young
51549,old
51605,old
51712,old
51773,old
51920,old
52016,old
52066,old
52087,young
52267,young
52312,old
52314,young
52376,young
52425,young
52591,young
52596,young
52624,old
52638,young
52703,young
52803,young
52936,young
52966,old
52996,old
53058,old
53123,young
53183,young
53267,old
53315,young
53328,old
53404,old
53410,old
53431,old
53484,old
53550,young
53580,young
53626,old
53635,young
53642,old
53677,old
53754,young
53774,young
53800,young
53802,old
53949,old
53990,young
54007,young
54010,old
54091,old
54164,young
54277,old
54301,old
54337,old
54516,old
54593,young
54654,old
54679,young
54683,young
54712,young
54761,young
54763,young
54796,young
54899,young
54931,young
55059,young
55074,old
55126,old
55150,young
55155,young
55223,young
55244,old
55375,old
55528,old
55594,young
55810,old
55857,old
55950,old
55981,young
56002,old
56091,old
56205,old
56400,old
56405,young
56433,young
56437,old
56504,old
56592,young
56651,old
56669,old
56701,old
56724,old
56739,old
56872,old
56874,old
57086,old
57150,young
57283,young
57286,young
57306,young
57542,old
57545,old
57550,young
57593,old
57827,old
58006,old
58043,young
58070,young
58141,old
58335,young
58350,young
58364,old
58425,old
58520,young
58539,old
58614,young
58647,young
58690,young
58778,young
58869,old
58949,young
59015,old
59201,old
59202,young
59207,old
59455,old
59547,old
59567,old
59744,old
59952,old
60010,old
60102,old
60347,old
60431,young
60448,old
60456,old
60548,old
60596,old
60623,young
60647,old
60700,young
60823,old
60932,old
60951,young
60989,young
60992,young
61233,old
61315,young
61414,old
61494,old
61503,old
61566,old
61603,old
61684,old
61693,old
61722,young
61773,old
61805,old
61862,young
61967,old
61983,young
61997,old
62023,old
62060,young
62089,young
62167,old
62198,young
62251,old
62297,young
62355,old
62399,old
62549,old
62623,old
62657,young
62692,young
62703,young
62706,old
62808,old
62858,old
62877,young
62878,old
63040,young
63047,old
63104,young
63114,old
63231,old
63240,old
63397,old
63434,old
63488,young
63521,young
63525,old
63549,old
63565,young
63595,old
63617,young
63791,old
63804,young
63922,young
63934,old
63939,old
64015,young
64088,old
64121,old
64146,old
64183,old
64189,young
64196,old
64342,old
64399,young
64474,old
64718,old
64760,young
64842,young
64974,young
65182,young
65244,young
65271,old
65383,old
65394,old
65415,old
65530,old
65736,old
65773,old
65883,young
65982,old
66072,old
66172,old
66190,young
66231,old
66336,young
66412,old
66502,young
66650,old
66717,old
66821,old
66886,young
67042,old
67078,old
67156,old
67180,old
67207,old
67208,old
67310,young
67412,old
67422,old
67427,young
67532,young
67537,old
67590,old
67660,old
67785,young
67881,young
67969,old
67975,old
68025,young
68080,old
68093,old
68120,old
68205,young
68219,old
68257,old
68387,old
68408,young
68409,young
68546,old
68646,young
68650,old
68743,young
68864,young
68950,old
68974,old
69194,young
69196,old
69213,old
69328,young
69411,young
69568,old
69646,old
69668,old
69757,old
69805,old
69827,old
69914,old
70020,old
70134,old
70240,old
70332,old
70426,young
70478,old
70480,old
70528,old
70675,old
70739,old
70761,old
70935,old
70987,old
71004,old
71021,young
71072,old
71095,old
71302,young
71306,old
71360,young
71361,young
71495,young
71573,young
71699,young
71738,old
71752,young
71815,old
71826,old
71877,young
71938,young
72000,young
72075,young
72096,old
72155,young
72238,old
72281,old
72315,old
72368,young
72376,old
72582,old
72656,young
72657,young
72764,old
72770,old
72797,old
72829,young
72833,young
72944,young
73009,old
73093,young
73182,old
73199,old
73209,old
73278,old
73429,young
73470,young
73491,old
73503,old
73533,young
73560,young
73622,young
73668,young
73702,old
73749,old
73753,young
73773,old
73832,old
73946,old
74067,old
74092,old
74124,old
74135,old
74166,old
74181,old
74256,old
74369,young
74446,old
74478,old
74617,young
74656,old
74704,old
74832,old
74951,young
75001,young
75006,old
75023,young
75032,old
75033,old
75055,old
75179,young
75187,young
75327,old
75372,young
75494,young
75527,old
75552,old
75595,old
75646,old
75655,young
75696,old
75713,old
75768,old
75884,young
76029,young
76034,young
76161,old
76170,young
76176,old
76468,old
76521,old
76547,old
76572,old
76593,old
76619,old
76632,young
76738,old
76942,young
76956,young
76994,old
77394,young
77400,young
77754,young
77784,young
77954,young
78061,old
78093,old
78288,old
78381,old
78404,old
78490,old
78627,old
78638,young
78701,old
78703,old
78707,old
78838,old
78858,old
78871,old
79014,old
79070,young
79084,old
79113,old
79213,old
79261,old
79380,old
79396,young
79495,young
79544,old
79619,young
79754,old
79860,old
80010,old
80013,old
80022,old
80145,old
80153,old
80163,young
80172,young
80185,old
80260,old
80273,old
80306,old
80337,old
80470,old
80613,young
80698,old
80714,old
80733,old
80747,young
80834,old
80865,old
80895,old
81004,old
81035,young
81079,old
81100,young
81103,old
81248,old
81274,young
81303,old
81361,young
81594,old
81616,old
81691,young
81812,old
81827,young
81860,old
81988,young
82052,old
82150,young
82157,old
82551,old
82847,young
82940,young
82986,old
83036,old
83065,old
83110,old
83257,old
83277,young
83408,young
83466,old
83510,young
83761,young
83836,old
83925,young
84000,young
84004,young
84097,old
84241,old
84258,young
84460,young
84463,old
84492,young
84521,old
84530,young
84694,old
84735,old
84762,old
84767,young
84866,young
85007,young
85029,old
85157,young
85183,old
85192,young
85247,old
85298,young
85329,young
85340,old
85390,old
85434,old
85527,old
85747,young
85772,young
85795,young
85826,young
85852,young
85881,old
85944,old
86001,old
86011,old
86036,young
86249,young
86250,young
86317,old
86432,young
86448,young
86471,old
86625,old
86738,old
86800,young
86843,young
86848,old
86878,old
86913,old
86988,old
87052,old
87070,old
87199,old
87328,young
87393,old
87476,young
87489,old
87681,young
87864,old
87885,young
87920,old
88092,old
88168,young
88286,old
88335,young
88345,old
88360,old
88412,old
88433,old
88436,old
88485,young
88640,old
88695,young
88815,young
88848,old
88854,old
88899,young
88913,old
88970,old
89027,young
89078,old
89099,old
89150,old
89174,old
89228,young
89281,old
89285,young
89296,old
89355,young
89362,old
89367,young
89378,old
89432,old
89487,old
89557,old
89648,old
89790,old
89814,old
89839,old
89898,young
90052,young
90255,old
90284,old
90306,old
90351,old
90374,old
90519,young
90572,young
90592,old
90594,young
90646,young
90732,young
90754,old
90778,old
90787,old
90804,old
90884,old
90891,old
91045,old
91052,young
91105,young
91263,old
91318,young
91326,young
91336,young
91349,old
91353,old
91402,old
91406,old
91416,old
91469,old
91500,old
91612,old
91636,old
91643,old
91751,old
91756,old
91833,old
91839,old
91949,old
91994,old
92020,old
92028,old
92091,young
92093,old
92190,young
92257,young
92332,old
92335,old
92416,young
92543,young
92700,young
92738,old
92768,old
92776,young
92894,old
92935,old
92985,young
93089,old
93120,young
93175,young
93258,young
93261,old
93276,old
93333,old
93434,young
93435,old
93437,old
93511,old
93620,old
93685,old
93686,young
93717,young
93725,young
93730,old
93746,old
93946,young
93985,young
94012,old
94046,old
94174,young
94194,old
94513,old
94577,old
94607,old
94619,young
94745,young
94746,old
94760,old
94774,old
94846,old
94865,old
94871,old
94922,old
95039,old
95051,old
95113,old
95249,old
95251,old
95295,old
95297,old
95336,young
95417,young
95474,old
95677,old
95702,old
95770,young
95808,young
96043,young
96226,old
96288,old
96306,old
96427,young
96493,young
96530,old
96539,old
96615,young
96785,old
96825,old
96832,old
97006,young
97362,old
97423,old
97479,old
97580,old
97626,old
97661,old
97748,young
97809,old
97865,old
97924,old
97946,old
97967,young
98043,young
98095,old
98159,old
98280,old
98284,young
98350,old
98434,old
98656,old
98658,old
98717,young
99065,old
99067,old
99081,old
99119,young
99179,old
99182,old
99218,young
99242,old
99260,old
99348,young
99392,young
99410,young
99416,old
99477,old
99481,young
99515,old
99518,old
99583,young
99592,young
99615,young
99798,old
99810,young
99874,old
100111,young
100203,young
100231,old
100409,old
100428,old
100438,old
100543,old
100553,young
100624,young
100801,old
100895,young
100977,old
100990,old
101068,old
101172,old
101312,old
101414,young
101491,young
101622,old
101860,old
101913,old
102235,young
102330,old
102353,old
102355,old
102356,old
102517,old
102555,old
102805,old
102820,young
102872,old
102908,young
102928,young
103035,old
103114,old
103163,old
103227,young
103413,young
103431,young
103462,old
103485,young
103496,young
103509,young
103522,young
103536,old
103558,old
103579,young
103692,young
103697,young
103705,old
103815,old
103837,old
103870,old
103873,old
103904,old
104091,young
104166,old
104176,old
104340,old
104393,old
104406,young
104422,old
104424,old
104470,old
104486,old
104563,young
104585,old
104647,old
104715,old
104747,old
104796,old
104980,old
105264,young
105349,young
105448,young
105480,old
105482,old
105647,old
105668,old
105945,young
105961,old
105974,old
105996,young
106073,old
106096,old
106172,old
106206,young
106244,old
106272,young
106331,old
106344,old
106375,old
106411,old
106470,young
106484,old
106508,old
106575,old
106757,old
106793,young
106810,old
106849,old
107004,young
107094,old
107105,old
107205,old
107226,old
107227,old
107234,old
107304,old
107360,old
107367,young
107389,old
107430,old
107558,old
107596,young
107741,young
107990,young
108056,young
108425,young
108645,old
108651,young
108748,young
109229,young
109231,old
109403,old
109454,old
109673,young
109937,young
110435,young
110617,old
110618,old
111104,old
111448,old
111593,old
111629,old
111683,young
111819,old
111840,young
112349,old
112581,young
112582,young
112698,old
113037,young
113095,young
113159,young
113223,young
113233,young
113473,old
113588,old
113736,old
113756,old
113914,young
114033,young
114055,old
114313,old
114414,old
114481,old
114684,young
114759,old
115455,old
115459,young
115579,young
115626,old
115772,old
115791,old
115870,old
115898,old
116037,young
116061,old
116149,young
116261,young
116341,young
116377,young
116439,old
116517,old
116861,old
116881,old
117222,old
117508,young
117525,old
117563,young
117674,young
117676,old
117759,old
118256,young
118465,young
118542,young
118741,young
118965,young
118966,young
119061,old
119075,young
119308,young
119502,young
119640,young
119709,old
120099,young
120234,young
120356,old
120357,old
120420,old
120441,young
120682,old
120783,old
121442,young
121519,young
121591,young
121673,young
121744,old
121748,young
121827,young
121875,young
122120,old
122413,young
122418,young
122549,old
123137,young
123244,old
124013,young
124387,young
124617,old
124620,young
124629,young
124684,young
124766,old
124873,young
124979,young
125051,old
125322,old
125556,old
125590,old
125707,old
126064,old
126123,old
126137,old
126229,old
126895,young
126995,young
127074,young
127120,old
127153,young
127530,old
127880,young
128058,old
128586,old
128830,old
129663,old
129897,old
130118,young
130320,young
130419,old
130432,old
130586,young
131280,young
131361,old
131743,old
131804,old
131919,young
132223,young
132272,old
132544,young
132587,young
132644,young
132652,old
133060,young
133210,young
133291,old
133327,young
133343,old
133596,young
133620,old
133876,old
133933,young
133963,old
133969,old
134178,old
134193,old
134386,old
134552,young
134888,old
135361,old
135497,old
135604,young
135756,young
135846,old
136143,old
136820,young
136841,young
136908,young
136915,old
137108,old
137221,old
137241,old
137294,old
137577,old
137622,young
137888,old
138054,old
138075,old
138096,young
138185,old
138220,old
138517,old
138553,old
138644,old
138704,young
138728,young
138814,old
139163,old
139248,young
139428,young
139472,old
139637,old
139856,old
140068,old
140174,young
140197,old
140634,old
140642,old
140983,young
140987,young
141002,old
141040,old
141135,old
141334,young
141673,old
141779,young
142574,old
142620,old
142687,old
142742,old
142924,old
143305,young
143445,old
143458,old
143479,old
143926,old
143931,old
143948,old
144243,young
144252,old
144273,old
144383,young
144438,old
144694,young
144836,old
145227,young
145378,young
145422,old
145528,old
145597,old
145665,young
145751,old
146150,old
146190,old
146487,old
146667,old
146675,old
146723,old
147154,old
147393,old
147667,old
147685,old
147769,old
147897,old
147958,old
148549,young
148662,old
148785,young
148843,old
149375,young
149676,old
149780,young
149912,old
149962,young
150361,old
150410,young
150508,old
150639,old
150677,young
150843,old
151138,young
151394,young
151492,old
151528,old
151629,young
151826,young
152012,young
152245,old
152258,young
152492,old
152598,old
152686,old
153013,young
153229,old
153249,old
153344,young
153529,old
153578,old
153709,young
153717,old
153734,old
153797,old
153803,young
153896,old
153931,young
154090,old
154145,old
154154,young
154861,old
154877,old
155007,young
155285,young
155312,old
155319,young
155465,young
155687,young
155873,young
156045,old
156104,old
156320,old
156497,old
156620,old
156643,old
156756,old
156935,old
157063,young
157352,young
157358,young
157469,old
157516,old
157592,old
157653,old
157771,old
157918,old
157944,old
158272,young
158412,old
158583,young
158846,old
159223,old
159233,young
159377,old
159662,old
159842,young
159898,young
159979,old
160126,young
160190,young
160195,young
160345,old
160480,old
160607,young
160669,young
160726,old
160840,young
160864,old
160933,old
161079,young
161634,old
161781,young
161810,old
161925,young
162021,young
162459,young
162530,old
162579,old
162580,young
162581,old
162627,old
162685,old
162732,old
162774,young
162799,young
162829,old
162855,young
162902,old
162952,old
163010,young
163105,young
163112,old
163118,young
163242,young
163257,old
163289,old
163451,young
163473,old
163518,old
163540,old
163575,old
163640,old
163682,old
163746,young
163782,young
163814,young
164366,old
164440,old
164469,old
164475,young
164512,old
164548,old
164594,old
164835,old
164848,old
164883,old
165009,old
165012,young
165029,old
165164,old
165174,old
165353,young
165419,young
165518,old
165522,old
165527,old
165638,young
165742,young
165760,old
165862,old
165986,old
166060,old
166344,old
166392,old
166478,old
166551,young
166696,old
166768,old
166840,young
166889,old
166913,old
167003,young
167067,young
167082,young
167110,young
167178,old
167235,old
167271,old
167273,young
167337,old
167452,old
167486,old
167724,old
167725,old
167792,young
167854,old
167920,old
167962,young
167989,young
168231,old
168243,young
168248,young
168334,old
168353,young
168355,old
168491,young
168580,old
168583,old
168650,old
168662,old
168683,old
168692,young
168713,old
168775,old
168781,old
168797,young
168801,young
168811,old
168883,old
168909,young
168953,old
168991,young
169076,young
169089,young
169111,old
169143,old
169198,old
169233,young
169436,old
169500,old
169514,young
169539,old
169547,old
169602,old
169648,old
169690,young
169802,young
169885,young
170015,old
170048,old
170077,young
170099,old
170147,young
170173,old
170178,old
170181,old
170191,old
170208,old
170211,young
170292,old
170613,old
170630,old
170640,old
170716,old
170729,old
170779,old
170852,old
170955,old
170974,old
170975,old
170992,old
171190,old
171192,old
171241,young
171351,old
171382,old
171443,old
171546,young
171622,old
171788,old
171880,old
172088,old
172094,young
172342,old
172408,young
172439,old
172513,old
172649,young
172690,young
172710,old
172716,young
172718,young
172733,old
172877,old
172913,young
172922,old
172946,old
173008,old
173117,old
173204,old
173229,young
173274,old
173340,old
173400,old
173553,old
173704,old
173776,old
173908,old
174043,old
174072,young
174145,old
174332,old
174336,young
174402,old
174503,old
174603,old
174888,old
174893,young
175052,young
175082,young
175096,old
175102,young
175356,old
175437,old
175506,old
175597,old
175737,old
175804,young
175825,old
175863,old
175864,old
175878,old
175908,young
176009,old
176017,old
176031,old
176257,old
176288,young
176312,old
176328,old
176362,old
176466,young
176519,young
176542,old
176595,young
176793,young
176906,old
177015,old
177064,young
177065,young
177338,old
177357,young
177375,old
177407,old
177919,young
177934,young
177938,old
177952,old
177990,old
178283,young
178317,old
178446,young
178587,old
178606,old
178683,old
178691,old
178753,young
178984,young
179112,old
179251,young
179322,old
179327,old
179374,young
179415,old
179487,young
179500,old
179522,old
179571,old
179578,old
179584,old
179599,old
179642,old
179699,old
179793,old
179850,old
179960,young
180045,old
180135,young
180154,old
180261,young
180283,old
180289,old
180357,old
180366,old
180487,old
180539,young
180560,old
180584,old
180718,old
180729,young
180751,old
180764,old
180787,old
180817,old
181013,old
181265,old
181278,young
181296,old
181303,young
181383,old
181446,old
181466,old
181542,old
181574,old
181591,old
181677,old
181714,young
181805,old
181836,old
181860,old
181870,old
181980,old
182025,young
182155,young
182167,old
182236,old
182245,young
182334,old
182339,young
182362,young
182424,old
182523,old
182611,old
182681,young
182715,young
182805,old
182820,old
182840,old
183176,old
183332,old
183338,old
183391,old
183393,old
183502,old
183571,old
183620,old
183648,old
183675,old
183677,young
183704,old
183716,young
183843,old
183905,old
183914,old
183970,old
184227,young
184241,old
184266,old
184276,old
184405,old
184621,old
184810,old
184827,young
184919,old
184972,old
185015,young
185095,young
185156,old
185201,old
185240,young
185250,old
185305,young
185393,old
185444,old
185472,old
185479,old
185621,old
185686,old
185697,old
185807,young
185838,old
185850,young
185890,old
185904,old
185916,old
185925,old
185936,old
185950,old
185988,old
185989,old
186036,old
186038,young
186060,old
186083,old
186095,young
186218,old
186226,old
186276,old
186368,old
186427,old
186449,old
186705,old
186711,old
186816,old
186856,young
186977,young
187001,old
187054,old
187079,young
187187,old
187196,old
187241,old
187243,young
187278,young
187285,young
187352,young
187362,old
187451,old
187496,young
187533,old
187543,old
187585,young
187592,old
187658,old
187743,young
187776,old
187791,young
187795,old
187822,old
187852,old
187857,old
188067,young
188308,old
188386,old
188460,young
188465,old
188537,old
188613,old
188624,young
188862,young
188873,old
188948,old
189067,young
189103,old
189136,young
189152,old
189193,old
189365,old
189378,old
189452,old
189475,old
189550,young
189588,old
189631,old
189694,old
189845,old
189855,young
189919,old
189936,old
190081,old
190097,old
190115,old
190140,old
190218,old
190307,old
190313,old
190372,young
190423,old
190499,young
190595,young
190637,young
190738,old
190756,old
190829,old
190841,old
190995,old
191000,young
191047,old
191053,young
191054,old
191078,old
191096,old
191158,young
191169,young
191225,old
191226,old
191288,old
191342,old
191577,old
191672,old
191687,old
191691,old
191721,young
191758,old
191842,old
191874,old
191925,old
191981,old
192039,old
192079,old
192095,old
192168,old
192181,old
192233,old
192296,old
192306,old
192656,old
192670,young
192699,old
192782,young
192787,old
192806,old
192810,young
192838,young
192858,young
192932,old
192964,young
193112,young
193181,old
193348,young
193349,old
193388,old
193401,old
193429,old
193547,old
193565,old
193605,old
193622,old
193743,old
193875,old
193946,old
193968,old
194012,young
194138,old
194153,young
194310,young
194414,old
194440,old
194471,old
194499,young
194525,old
194704,young
194716,old
194790,young
194851,young
194876,old
194903,young
195002,young
195023,young
195086,young
195098,old
195271,old
195275,old
195281,old
195408,old
195594,old
195798,old
195829,old
195842,old
195851,old
195862,young
195896,old
196046,old
196053,young
196074,young
196085,old
196116,old
196141,young
196280,young
196336,old
196355,young
196378,young
196430,young
196483,young
196490,old
196506,old
196574,old
196665,old
196742,old
196789,old
196853,old
196885,old
197193,young
197219,young
197280,young
197350,old
197352,young
197369,old
197388,old
197492,old
197658,old
197683,old
197756,young
197880,young
197918,young
198004,old
198163,old
198176,old
198234,young
198251,old
198397,old
198447,old
198448,young
198489,young
198492,young
198530,old
198645,old
198717,old
198733,young
198768,old
198782,old
198928,young
199050,young
199117,old
199122,old
199215,young
199310,old
199387,old
199403,young
199404,old
199437,old
199438,old
199442,old
199540,old
199551,young
199553,old
199602,old
199764,old
199771,old
199819,young
199876,young
199881,old
199927,old
199962,old
199989,old
200058,young
200267,young
200284,young
200348,young
200421,young
200471,young
200567,old
200717,old
200745,old
200770,old
201072,old
201111,old
201207,old
201305,young
201326,old
201426,young
201463,old
201637,young
201646,old
201899,old
201970,old
202118,old
202228,young
202231,old
202339,old
202444,young
202476,old
202489,old
202825,old
202843,old
202860,old
202923,old
202963,old
202981,old
203003,young
203024,old
203085,young
203096,young
203119,old
203138,young
203201,young
203239,young
203345,old
203372,old
203416,young
203466,old
203479,old
203509,old
203629,old
203631,old
203639,young
203669,young
203697,young
203734,young
203747,young
203864,old
203878,young
203931,old
203965,old
204020,young
204049,old
204051,old
204067,old
204091,young
204100,old
204147,old
204162,old
204337,old
204507,old
204525,old
204767,old
204853,old
204943,old
204994,old
205002,old
205035,old
205105,old
205134,old
205230,young
205238,old
205258,old
205332,old
205409,old
205504,young
205594,old
205636,young
205670,old
205671,young
205676,young
205720,old
205811,old
205883,young
206025,old
206036,old
206268,old
206356,old
206413,old
206431,young
206512,old
206579,old
206591,old
206596,young
206620,young
206806,old
206833,old
206838,old
206859,old
206907,old
207019,young
207046,young
207108,young
207177,old
207178,old
207275,old
207292,young
207366,young
207458,young
207545,young
207611,young
207634,old
207670,young
207676,old
207774,old
207785,old
207832,old
207969,old
208012,old
208044,young
208053,young
208169,old
208283,young
208311,young
208406,old
208476,young
208494,old
208517,old
208560,young
208566,young
208623,old
208740,old
208748,old
208793,young
208871,old
209007,old
209018,old
209041,old
209130,old
209162,old
209290,young
209347,old
209357,old
209527,old
209530,old
209544,old
209753,young
209757,old
209773,old
209782,old
209835,old
209868,young
209904,young
209917,young
209995,old
210060,old
210190,old
210230,old
210299,young
210388,old
210439,old
210457,old
210736,old
210761,old
210777,young
210782,old
210789,young
210795,young
210832,young
210857,old
210915,young
211097,old
211141,old
211163,old
211206,old
211246,old
211420,old
211491,old
211604,young
211690,young
211722,old
212054,young
212058,young
212080,old
212166,young
212198,young
212261,old
212309,old
212421,young
212427,young
212470,young
212558,old
212704,old
212739,young
212817,young
212853,old
212927,young
213033,old
213086,old
213162,old
213171,young
213255,old
213276,old
213359,old
213403,old
213434,old
213455,young
213547,old
213586,old
213599,young
213693,old
213695,young
213773,young
213830,old
213904,old
213905,young
214046,old
214121,young
214123,old
214199,young
214244,young
214257,young
214274,old
214293,young
214305,young
214349,old
214369,old
214386,young
214454,old
214468,old
214492,young
214503,old
214539,old
214646,old
214720,old
214742,old
214966,old
215072,old
215151,old
215244,old
215278,old
215376,young
215396,young
215482,young
215622,young
215627,old
215633,old
215723,old
215755,old
215787,young
215845,old
215867,young
215897,old
215906,old
215914,old
215982,old
216051,young
216228,young
216243,old
216296,old
216303,old
216325,young
216417,old
216510,young
216516,old
216581,old
216761,old
216852,young
216861,old
216863,young
216944,young
217009,old
217078,old
217137,young
217153,old
217154,young
217181,old
217188,young
217303,old
217329,old
217397,old
217522,old
217562,old
217593,young
217936,old
218017,old
218060,old
218093,old
218205,old
218294,old
218350,young
218430,old
218439,young
218476,young
218766,young
218997,young
219075,old
219164,young
219192,young
219201,old
219393,young
219458,old
219487,old
219525,old
219558,old
219629,young
219690,old
219737,old
219771,old
219841,young
219909,young
219984,old
220050,young
220176,old
220187,old
220221,old
220277,old
220367,old
220531,young
220584,old
220607,old
220638,young
220871,old
221000,old
221044,old
221067,old
221105,old
221132,old
221172,old
221232,old
221282,old
221291,young
221303,old
221350,old
221390,young
221433,young
221523,old
221524,young
221547,young
221555,old
221562,old
221713,old
221864,young
221932,old
222043,old
222283,young
222332,old
222370,old
222430,old
222564,old
222625,young
222628,old
222648,old
222674,old
222771,old
222828,old
223182,old
223188,old
223198,young
223241,old
223243,old
223300,young
223362,old
223414,young
223738,young
223739,old
223746,old
223747,old
223764,young
223857,old
223959,old
224020,young
224104,old
224155,old
224322,old
224337,old
224358,old
224366,old
224377,young
224523,old
224530,old
224647,young
224662,old
224693,young
224702,young
224757,young
225378,young
225405,young
225494,young
225495,old
225686,old
225721,old
225791,young
225792,old
225850,old
225913,old
225919,old
225963,young
226020,young
226147,old
226173,old
226197,young
226377,old
226380,old
226408,young
226412,old
226472,old
226542,old
226701,young
226761,young
226762,old
226848,old
226959,old
226967,old
226988,young
227019,old
227031,old
227073,old
227204,old
227227,old
227230,old
227359,young
227370,young
227440,old
227482,young
227491,old
227607,old
227741,old
227781,old
227801,old
227806,old
227808,young
227851,old
227879,old
227882,old
227884,old
228135,old
228214,old
228261,old
228300,young
228344,young
228477,old
228580,old
228604,old
228635,old
228644,old
228722,old
229111,young
229150,old
229184,old
229216,old
229270,old
229286,young
229317,old
229329,young
229350,old
229358,old
229383,old
229388,old
229468,old
229481,old
229531,old
229575,old
229653,old
229688,young
229765,old
229960,old
229984,old
230008,old
230031,old
230096,old
230245,young
230265,old
230360,old
230454,old
230468,young
230501,young
230585,old
230598,old
230646,old
230679,old
230780,old
230936,old
230983,young
230995,old
231028,old
231281,old
231339,young
231343,old
231508,old
231580,old
231589,young
231610,old
231628,old
231795,young
231806,old
231855,old
231879,old
231945,old
231954,old
232054,old
232073,old
232160,young
232185,young
232241,old
232243,old
232309,old
232460,young
232488,young
232511,old
232544,old
232563,old
232592,young
232598,old
232610,young
232612,young
232625,young
232649,young
232684,old
232692,old
232845,old
232887,old
232950,young
232972,young
232985,young
232993,young
233023,old
233042,old
233124,old
233223,young
233233,old
233238,old
233305,old
233348,old
233405,young
233483,young
233521,old
233651,old
233815,old
233868,old
233888,young
233915,old
233968,old
234031,old
234136,young
234230,old
234349,young
234518,young
234526,young
234679,old
234766,old
234902,old
234945,old
234953,old
235017,old
235082,old
235156,old
235163,young
235203,old
235340,young
235597,old
235644,old
235701,old
235778,young
235836,young
235839,old
235933,old
235964,old
236023,young
236025,young
236068,old
236148,old
236166,old
236189,young
236272,old
236370,old
236426,old
236432,young
236505,old
236512,old
236516,old
236607,old
236671,old
236865,young
236868,young
236874,young
236884,young
237071,young
237118,old
237230,old
237232,old
237350,young
237357,old
237428,old
237463,old
237487,old
237496,young
237600,old
237628,old
237783,old
237814,old
237942,old
238013,old
238065,young
238074,old
238228,old
238449,young
238488,old
238528,old
238537,old
238603,old
238799,young
239093,young
239130,old
239202,young
239229,young
239260,young
239327,young
239444,old
239445,old
239537,old
239575,old
239656,old
239717,old
239773,old
239988,young
240028,old
240049,old
240102,old
240107,young
240213,young
240250,old
240274,old
240340,old
240387,young
240455,old
240481,old
240537,old
240727,young
240739,old
240950,old
241102,young
241124,old
241129,old
241155,old
241174,old
241301,old
241317,old
241318,old
241340,old
241355,old
241373,old
241396,old
241551,old
241668,young
241837,old
241882,young
242051,old
242138,old
242301,old
242365,old
242400,old
242452,young
242543,old
242605,young
242610,young
242724,old
242945,old
242946,old
243171,young
243212,young
243213,young
243222,old
243260,old
243442,old
243482,old
243569,young
243875,young
243891,young
243912,old
243950,young
243980,old
243989,young
244151,young
244197,old
244303,old
244339,young
244455,old
244462,young
244496,old
244586,old
244665,old
244750,old
244792,old
244931,young
245026,young
245067,young
245174,old
245182,young
245295,old
245315,old
245320,old
245414,young
245432,old
245447,young
245448,old
245460,young
245462,old
245660,old
245701,old
245716,young
245898,old
246005,old
246014,young
246064,old
246066,old
246105,old
246106,old
246231,old
246398,young
246435,old
246436,old
246442,young
246454,young
246535,old
246589,old
246597,old
246649,young
246746,young
246878,young
246968,young
247014,old
247141,young
247216,young
247285,old
247317,young
247473,old
247474,old
247484,young
247587,old
247625,old
247639,old
247714,old
247720,young
247782,old
247788,young
247808,young
247917,young
247918,old
248007,old
248051,young
248069,young
248224,old
248235,old
248364,old
248400,young
248427,young
248445,old
248591,old
248616,old
248655,old
248752,old
248761,old
248786,old
248911,old
249046,old
249180,old
249184,old
249301,old
249325,old
249453,old
249532,old
249687,young
249836,young
249838,young
249936,young
249953,young
250127,old
250167,old
250258,old
250309,young
250313,young
250335,old
250344,young
250364,old
250368,young
250383,young
250506,young
250619,old
250655,old
250870,old
250875,old
250893,young
250954,old
251019,young
251042,young
251140,old
251195,old
251395,old
251404,young
251508,old
251741,old
251752,old
251794,young
251798,young
251816,young
252020,old
252054,young
252091,young
252135,old
252179,old
252219,old
252220,old
252294,old
252300,young
252354,old
252383,old
252393,young
252403,young
252468,young
252696,old
252701,young
252738,old
252745,old
252776,old
252833,old
252929,young
252940,old
253095,old
253341,young
253408,young
253518,old
253579,old
253695,old
253742,young
253746,old
253770,old
253819,young
253835,old
253960,young
253986,old
254164,young
254368,young
254516,old
254535,young
254589,young
254625,old
254638,young
254807,young
254926,old
254927,old
254930,old
254983,old
254990,old
254994,old
255112,young
255158,young
255274,old
255315,old
255322,old
255627,old
255649,old
255662,old
255863,old
256031,old
256055,young
256067,old
256199,old
256221,young
256260,old
256301,old
256343,old
256547,old
256566,young
256569,young
256577,old
256601,old
256743,old
256769,old
256771,young
256868,young
256940,young
256980,old
256983,old
257046,young
257076,old
257136,old
257187,old
257219,young
257370,old
257443,old
257470,old
257478,old
257624,young
257656,old
257657,old
257865,old
257870,old
257896,old
257943,young
257971,old
258019,old
258023,old
258036,young
258061,young
258078,young
258089,young
258141,old
258243,old
258322,old
258330,old
258382,old
258399,young
258433,young
258541,old
258628,young
258680,old
258734,young
258762,old
258815,young
258850,old
258915,old
258954,old
259005,old
259037,old
259056,old
259216,old
259345,old
259465,young
259497,old
259513,old
259555,old
259576,old
259665,old
259690,old
259755,old
259761,young
259853,young
260059,young
260166,old
260221,old
260247,old
260261,old
260363,old
260440,young
260465,young
260547,old
260608,young
260686,old
260695,young
260802,old
260818,old
260994,old
261036,young
261050,old
261061,young
261068,old
261180,old
261318,old
261346,old
261363,young
261535,young
261558,old
261587,old
261603,old
261705,old
261721,old
261779,old
261787,old
261793,old
262003,old
262119,young
262148,young
262200,young
262229,young
262235,old
262275,young
262334,young
262353,old
262476,old
262565,old
262642,old
262686,old
262738,old
262746,old
262810,old
262895,old
263068,young
263136,old
263258,young
263323,old
263351,old
263359,old
263425,old
263428,old
263505,old
263586,young
263687,old
263696,old
263700,old
263973,old
264124,old
264222,young
264375,old
264424,old
264497,old
264535,old
264568,old
264572,young
264594,young
264771,old
264853,old
264919,young
264948,young
264961,old
264968,old
265066,old
265069,old
265085,old
265125,old
265151,old
265176,old
265227,old
265407,young
265550,old
265552,young
265719,old
265725,young
265777,old
265879,old
265950,old
266041,old
266107,old
266124,old
266160,young
266376,young
266409,old
266443,old
266601,young
266677,old
266847,young
266889,old
266892,old
266922,old
267200,old
267251,old
267314,old
267315,old
267408,old
267411,old
267625,old
267643,old
267684,old
267690,young
267709,old
267862,old
268044,old
268058,young
268059,old
268239,old
268293,old
268469,old
268541,old
268620,old
268670,old
268856,old
269015,young
269033,young
269058,old
269098,old
269121,old
269253,old
269254,old
269280,old
269311,old
269316,old
269346,old
269358,old
269489,old
269689,old
269721,old
269879,old
270097,young
270185,old
270215,young
270420,young
270474,young
270544,young
270571,young
270677,young
270702,young
270708,young
270738,old
270744,old
270815,old
270908,old
271116,old
271259,old
271402,young
271429,old
271546,old
271607,young
271639,young
271643,young
271666,old
271759,old
271772,old
271852,old
271929,old
271997,young
272048,old
272110,young
272117,old
272153,old
272253,old
272262,young
272323,old
272357,old
272440,young
272566,old
272666,young
272678,old
272949,old
272955,young
273086,young
273132,old
273155,old
273190,young
273232,old
273316,old
273317,old
273321,old
273420,old
273470,old
273579,old
273582,old
273637,old
273684,old
273708,old
273728,old
273760,old
273825,old
273855,young
273889,young
273961,old
274010,young
274014,old
274035,old
274066,young
274083,old
274216,old
274219,old
274240,young
274352,old
274411,young
274418,old
274451,old
274870,old
274917,old
275111,old
275117,young
275198,old
275215,old
275268,young
275332,young
275393,young
275448,old
275717,young
275755,old
276055,old
276151,young
276263,young
276381,old
276476,old
276552,old
276580,old
276673,old
276719,old
276841,old
276893,young
277020,old
277025,old
277073,old
277080,old
277326,old
277383,old
277479,young
277533,old
277642,old
277717,old
277738,old
277761,old
277812,old
277945,old
278095,young
278168,young
278290,old
278350,old
278359,young
278365,old
278395,old
278435,old
278579,old
278627,young
278843,old
278934,old
278966,old
278967,young
278973,old
278977,old
279013,old
279030,old
279138,old
279149,young
279176,young
279256,old
279259,old
279265,old
279490,old
279521,old
279549,young
279696,old
279716,old
279723,old
279818,old
279824,young
279838,old
279895,young
279940,young
279984,old
280008,old
280022,young
280079,old
280083,young
280114,old
280370,old
280623,old
280705,old
280766,old
280819,old
280888,young
280909,young
280930,young
280976,old
281008,old
281012,young
281032,old
281056,old
281072,young
281101,young
281111,old
281296,old
281409,old
281414,young
281429,old
281475,young
281500,old
281512,old
281534,old
281541,old
281601,old
281679,old
281687,old
281733,young
281759,old
281800,young
281809,old
281829,young
281837,old
281929,old
281972,young
282037,old
282062,old
282134,old
282224,old
282225,old
282231,young
282251,old
282659,old
282672,young
282680,young
282698,old
282719,old
282768,old
282830,old
282942,old
283012,young
283055,young
283097,young
283120,old
283187,old
283254,old
283264,old
283520,old
283698,old
283761,old
283772,young
283858,young
284015,old
284064,old
284097,young
284143,old
284152,old
284160,old
284220,young
284257,young
284341,old
284350,young
284379,young
284465,young
284542,young
284658,old
284698,old
284764,old
284991,old
285047,old
285291,young
285293,young
285361,old
285437,old
285451,old
285583,old
285633,young
285645,old
285727,young
285734,young
285799,young
285844,old
285967,old
286018,young
286106,young
286124,old
286182,old
286313,old
286362,old
286460,old
286523,old
286556,old
286583,old
286606,young
286660,young
286723,old
286778,young
286972,old
286981,old
287190,young
287216,old
287550,old
287586,old
287828,young
287882,young
288041,old
288150,young
288174,young
288408,old
288493,old
288553,old
288576,old
288584,old
288862,young
288884,old
289059,old
289120,old
289172,old
289229,old
289263,young
289388,old
289392,old
289512,old
289572,young
289573,old
289594,old
289620,old
289633,old
289640,old
289813,young
289900,young
289941,young
289995,old
290115,old
290163,young
290234,old
290282,old
290618,old
290684,old
290700,young
290828,old
290839,old
290875,old
290881,old
290959,old
290979,young
291048,young
291074,old
291202,old
291256,old
291305,old
291460,old
291551,young
291572,young
291606,young
291619,old
291680,old
291686,old
291696,young
291962,young
292024,old
292156,old
292169,old
292188,old
292227,young
292446,old
292482,young
292485,old
292529,old
292649,old
292697,old
292901,young
293133,young
293148,young
293207,young
293221,young
293425,old
293537,young
293548,old
293625,old
293703,old
293733,old
293768,young
293888,old
293891,old
294032,young
294035,young
294073,old
294124,old
294209,old
294350,old
294373,old
294403,old
294495,young
294537,old
294541,old
294585,young
294634,old
294698,young
294776,old
294839,old
294883,old
294908,young
294958,old
295006,old
295105,old
295114,old
295124,young
295138,young
295194,old
295308,old
295377,old
295409,old
295412,old
295440,old
295441,old
295451,old
295472,old
295478,old
295491,old
295576,old
295589,old
295593,old
295628,old
295656,old
295693,old
295713,young
295837,old
295945,old
295957,young
296176,old
296222,old
296236,old
296243,old
296255,old
296393,young
296459,old
296492,young
296524,old
296657,old
296676,old
296684,old
296848,old
296994,old
297074,old
297084,old
297180,old
297220,old
297244,old
297299,young
297314,old
297353,old
297522,old
297540,old
297578,old
297610,young
297669,young
297676,old
297812,old
297933,young
297972,young
298186,old
298225,old
298331,young
298362,young
298382,old
298405,old
298493,young
298526,young
298578,young
298629,young
298633,young
298784,old
298812,young
299001,old
299023,old
299116,young
299207,old
299288,old
299468,old
299601,young
299734,old
299838,old
299946,old
299986,old
300012,young
300142,old
300200,old
300214,old
300276,old
300323,old
300330,old
300341,old
300353,old
300375,old
300403,old
300408,young
300509,young
300577,old
300786,old
300791,old
300848,old
300863,young
300865,old
300972,old
301011,old
301082,young
301106,old
301266,young
301282,young
301317,old
301397,old
301438,old
301541,old
301563,old
301574,old
301575,old
301582,old
301670,young
301684,old
301755,old
301797,young
301867,young
301993,young
302067,old
302107,old
302222,old
302292,old
302380,old
302405,old
302498,old
302536,old
302599,old
302606,young
302716,young
302767,old
302908,old
302958,young
303024,old
303026,young
303089,old
303204,young
303210,old
303219,old
303260,old
303413,young
303520,old
303538,young
303590,young
303607,young
303611,old
303626,old
303653,old
303667,old
303738,old
303768,old
303778,old
303814,old
303956,young
303971,old
304008,old
304083,old
304180,young
304186,old
304217,old
304330,old
304361,young
304379,old
304390,old
304438,young
304578,old
304596,young
304689,young
304834,young
304853,old
304964,young
305004,young
305195,old
305206,old
305309,young
305329,old
305376,old
305423,young
305437,old
305545,old
305576,old
305589,young
305632,old
305639,old
305781,old
305873,young
305879,old
306061,young
306139,old
306186,old
306247,old
306335,old
306412,old
306415,old
306426,old
306453,old
306467,old
306495,old
306603,old
306611,old
306619,old
306636,young
306670,young
306700,old
306716,old
306749,old
306755,young
306812,old
306908,old
306972,old
306974,old
307026,old
307510,old
307523,young
307547,old
307794,young
307873,young
307943,old
307993,old
308101,old
308128,young
308165,young
308274,old
308394,old
308487,old
308545,young
308759,old
308764,old
308856,old
308996,old
309071,old
309104,old
309120,old
309316,young
309418,old
309514,old
309528,old
309638,young
309662,old
309900,old
309993,old
310008,old
310035,old
310071,old
310185,old
310278,old
310310,old
310369,old
310442,old
310479,young
310597,old
310600,old
310669,old
310705,old
310725,young
310788,old
310797,old
310862,old
310882,old
311015,old
311300,young
311378,young
311392,old
311394,young
311435,old
311465,old
311497,old
311904,old
311928,young
311964,young
312020,old
312033,young
312103,old
312175,old
312216,young
312385,old
312416,young
312552,old
312803,old
312889,old
313228,young
313246,old
313315,old
313341,old
313562,old
313588,old
313718,old
313735,young
313770,old
313872,young
313922,old
313924,old
313955,young
314026,young
314147,old
314154,young
314193,old
314264,old
314383,old
314667,old
314694,young
314729,old
314757,young
314812,old
314992,old
315037,old
315350,old
315448,old
315486,young
315492,young
315565,old
315603,old
315641,old
315696,old
315705,old
315742,old
315773,old
315810,old
315899,old
315908,young
315939,old
315962,old
316007,young
316123,young
316147,old
316189,old
316237,young
316254,young
316320,old
316404,old
316605,young
316795,old
316995,old
317188,old
317330,old
317410,old
317433,old
317448,old
317595,old
317797,old
318138,young
318200,young
318219,young
318284,old
318314,young
318442,old
318543,young
318566,old
318570,old
318585,old
318702,young
318754,young
318825,old
318854,young
318888,old
319024,young
319073,young
319184,young
319350,old
319432,young
319456,old
319677,young
319721,old
319743,old
319908,old
320053,young
320106,young
320461,young
320480,young
320490,young
320642,old
320670,old
320696,old
320843,young
320978,old
321169,old
321176,old
321214,young
321223,old
321332,old
321333,young
321390,young
321476,old
321718,old
321790,old
321804,young
321867,old
321877,old
321968,old
322029,old
322056,old
322106,old
322177,old
322222,young
322261,young
322357,old
322482,old
322503,old
322604,old
322848,old
322937,old
322944,young
323100,old
323263,young
323288,old
323327,young
323442,old
323496,young
323552,young
323639,young
323668,old
323682,old
323726,old
323752,old
323788,old
323799,old
323851,old
323895,old
323983,old
324040,young
324082,old
324258,old
324322,old
324338,old
324340,old
324419,young
324435,old
324497,old
324500,old
324527,old
324598,young
324614,old
324638,old
324776,old
324891,old
324962,young
325055,old
325102,old
325157,old
325228,young
325239,old
325347,old
325351,old
325473,young
325483,old
325593,old
325602,young
325623,old
325831,old
325838,young
325840,young
325885,old
325907,old
325991,old
326021,old
326058,old
326063,old
326086,old
326088,old
326243,young
326332,young
326368,old
326420,young
326510,old
326555,old
326664,old
326774,young
326898,old
326938,old
326970,old
327005,old
327073,young
327314,old
327436,young
327514,old
327592,old
327601,old
327617,young
327665,old
327675,old
327701,old
327864,old
328008,old
328026,old
328238,old
328337,young
328368,old
328409,old
328462,old
328596,young
328601,old
328728,young
328730,old
328757,old
328940,young
329008,young
329219,old
329307,young
329318,young
329373,old
329456,old
329498,old
329717,young
329789,young
329932,old
329957,old
330055,old
330065,old
330348,old
330495,young
330515,old
330699,old
330818,young
330845,old
330880,young
330920,young
330955,young
330967,young
331138,old
331196,young
331250,young
331403,old
331529,old
331686,old
331785,old
331790,old
331799,old
331844,old
331856,old
331875,young
331883,old
331959,young
332067,old
332607,old
332609,old
332625,old
332627,young
332844,old
332852,young
332869,young
332914,young
333095,old
333101,young
333150,old
333182,young
333314,young
333402,young
333406,old
333440,old
333538,old
333565,old
333630,old
333665,old
333691,young
333730,old
333737,old
333745,old
333756,old
333924,young
334075,old
334178,young
334185,young
334222,young
334240,young
334291,old
334301,old
334309,old
334321,old
334327,young
334332,old
334399,old
334416,young
334417,young
334483,old
334509,old
334511,young
334609,young
334625,old
334648,young
334713,old
334767,old
334769,old
334813,old
334915,young
334941,old
335065,old
335201,old
335207,old
335340,old
335472,old
335532,young
335578,old
335579,old
335585,old
335587,old
335631,young
335814,old
335839,old
335981,old
336049,young
336053,young
336101,old
336166,young
336182,old
336245,young
336341,young
336355,old
336356,old
336431,young
336487,old
336493,young
336628,old
336629,old
336654,old
336802,young
336862,young
336949,old
336961,old
337055,old
337233,young
337305,old
337354,old
337375,old
337517,old
337533,young
337705,old
337814,old
337843,young
337866,old
338007,young
338041,young
338108,old
338207,old
338219,old
338256,old
338291,old
338384,young
338600,young
338624,old
338683,young
338703,old
338802,old
339009,young
339058,young
339099,young
339245,old
339336,old
339346,old
339468,young
339703,young
339823,young
339851,old
339890,young
339988,old
340069,old
340209,old
340218,old
340308,old
340594,young
340658,old
340704,old
340778,old
340804,old
340841,old
340843,old
340844,young
341010,young
341017,young
341041,young
341067,young
341111,old
341113,young
341401,young
341469,old
341487,young
341603,old
341645,old
341678,young
341681,old
341828,old
341857,old
341921,young
341973,young
342128,old
342146,young
342165,old
342204,old
342232,young
342271,young
342283,old
342293,young
342302,young
342387,old
342521,old
342593,young
342633,old
342650,old
342711,young
342765,old
342770,old
342849,young
342869,old
342971,old
343038,old
343218,old
343394,young
343401,old
343453,old
343524,old
343543,old
343803,young
343820,old
343852,old
343914,young
343937,young
344003,young
344013,old
344125,old
344268,old
344271,old
344307,old
344364,old
344410,old
344498,young
344548,old
344832,young
345029,young
345125,old
345139,old
345154,old
345160,young
345229,young
345252,young
345294,old
345356,old
345376,old
345385,old
345389,young
345397,old
345400,old
345507,old
345559,old
345595,old
345665,old
345822,old
345838,old
345937,young
345960,old
345961,old
345979,old
345993,young
346154,young
346185,young
346275,young
346560,young
346589,old
346687,young
346717,young
346774,old
346788,young
346863,young
346965,old
346968,old
346972,old
347018,old
347023,old
347144,old
347170,young
347174,young
347203,old
347254,old
347390,old
347848,young
347995,old
348059,old
348371,old
348379,old
348522,young
348524,old
348571,old
348701,young
348795,old
348838,young
348941,old
348973,young
348982,old
349203,old
349414,old
349438,young
349559,young
349590,old
349594,young
349622,old
349647,old
349860,young
350002,young
350019,young
350099,young
350148,old
350160,young
350167,young
350171,old
350231,old
350386,old
350405,old
350447,young
350457,old
350463,young
350639,old
350663,young
350679,old
350688,young
350721,old
350855,old
350884,young
350930,old
351130,old
351133,old
351166,young
351335,young
351345,young
351489,old
351577,old
351588,old
351590,old
351683,old
351793,old
351823,young
351868,young
351887,old
352011,old
352111,old
352184,old
352206,young
352217,old
352257,old
352259,young
352302,old
352495,young
352496,young
352582,young
352684,old
352703,old
352734,young
352761,old
353001,old
353051,young
353067,young
353317,old
353321,old
353435,old
353505,young
353595,old
353658,old
353807,old
353866,old
353889,young
353953,old
353968,young
353982,old
354132,old
354241,young
354242,young
354254,old
354425,old
354460,old
354539,young
354547,old
354559,old
354685,old
354832,old
355179,young
355197,young
355214,old
355256,old
355297,old
355304,young
355453,young
355513,old
355660,young
355762,young
355776,young
355974,young
356043,old
356094,old
356248,young
356414,old
356421,old
356424,old
356427,young
356505,old
356531,old
356570,old
356622,old
356632,young
356660,old
356877,young
356878,old
356920,old
356950,old
357278,old
357317,old
357322,young
357356,old
357385,old
357402,old
357498,old
357529,old
357532,old
357542,old
357737,old
357743,old
357816,young
357888,old
357916,young
357978,old
358019,young
358055,old
358058,old
358195,young
358231,young
358268,old
358389,old
358399,old
358502,young
358525,young
358572,young
358617,old
358629,old
358923,old
358994,old
359039,young
359105,young
359115,old
359126,old
359136,young
359238,old
359270,old
359356,old
359387,young
359540,old
359589,young
359801,young
359851,old
359864,old
360073,old
360182,young
360208,young
360274,young
360328,old
360400,old
360434,old
360447,old
360595,young
360600,young
360613,old
360716,young
360730,young
360818,young
360851,young
360876,old
360926,old
360983,young
361022,old
361029,old
361046,old
361111,old
361140,old
361147,old
361217,young
361245,old
361265,old
361382,old
361472,young
361506,old
361521,old
361572,old
361623,young
361721,old
361763,old
361885,old
361948,old
361992,young
362090,old
362122,old
362348,old
362352,old
362368,young
362545,old
362563,old
362712,old
362716,old
362812,old
362828,old
362852,old
362869,old
363036,old
363119,old
363126,old
363181,old
363207,old
363241,old
363272,old
363276,old
363321,young
363403,old
363577,young
363581,old
363594,old
363640,young
363645,young
363666,old
363673,young
363831,old
363875,old
363902,young
363908,old
364031,old
364079,young
364102,old
364188,young
364243,old
364256,young
364284,old
364341,old
364592,young
364596,old
364608,old
365191,old
365194,old
365289,young
365325,young
365404,old
365456,old
365521,young
365542,old
365626,young
365652,old
365685,young
365687,young
365701,young
365711,old
365724,old
365735,old
365752,old
365851,old
366031,old
366104,old
366111,old
366137,old
366367,young
366502,young
366569,old
366655,old
366659,old
366711,old
366748,old
367095,old
367116,old
367128,old
367142,old
367310,old
367398,young
367429,young
367578,old
367582,old
367608,young
367673,young
367706,old
367710,old
367804,young
367818,old
367872,old
367891,young
367929,old
367953,young
368041,young
368080,old
368204,old
368220,old
368222,old
368280,young
368367,old
368402,old
368528,old
368565,young
368676,old
368752,young
368836,old
368844,young
368855,young
368949,young
368980,young
369259,old
369294,old
369310,young
369323,young
369373,old
369393,old
369404,young
369461,old
369511,young
369647,old
369799,young
369840,old
369913,old
369986,young
369997,old
370209,old
370270,old
370279,young
370285,old
370315,old
370331,old
370375,young
370413,young
370561,young
370591,old
370637,old
370677,old
370701,old
371058,young
371129,old
371135,young
371216,old
371241,young
371309,old
371364,young
371365,old
371427,old
371503,young
371529,old
371552,young
371555,old
371650,young
371948,old
371957,young
372147,young
372220,old
372230,old
372233,old
372258,young
372265,young
372300,old
372494,old
372654,old
372731,old
372764,old
372844,young
372913,young
373034,young
373075,old
373193,old
373266,old
373315,young
373344,young
373356,old
373571,young
373577,old
373713,old
373768,young
373785,young
373945,young
374342,old
374368,old
374401,old
374702,old
374829,old
374858,old
374966,young
374974,young
374982,young
374987,old
375063,young
375184,young
375285,old
375461,old
375483,young
375490,young
375606,old
375621,old
375755,young
375812,young
375881,young
375902,young
376059,old
376209,old
376233,young
376236,young
376307,old
376342,old
376372,old
376393,old
376416,young
376441,young
376450,young
376531,young
376545,young
376549,old
376628,old
376667,old
376679,old
376773,young
376891,old
376900,old
376939,young
376959,young
377097,old
377111,young
377113,young
377155,young
377239,old
377352,old
377361,old
377385,old
377652,old
377715,young
377730,old
377802,old
377949,young
377984,young
378116,old
378126,young
378147,old
378204,young
378334,young
378347,young
378467,young
378482,old
378561,young
378667,old
378894,old
378928,old
378940,old
379120,old
379162,old
379259,old
379332,old
379542,young
379585,young
379667,old
379784,old
379841,young
379882,old
380088,old
380140,old
380487,young
380516,young
380634,young
380639,young
380754,old
380913,young
380979,old
380993,young
381051,young
381108,young
381134,old
381246,old
381255,young
381262,young
381296,old
381332,old
381360,young
381416,old
381430,young
381527,old
381529,old
381607,young
381608,old
381610,young
381639,young
381682,old
381925,young
382009,old
382111,young
382125,old
382263,old
382307,old
382411,old
382462,old
382512,old
382557,old
382563,old
382625,old
382729,old
382737,young
382797,old
382848,young
382855,old
382999,old
383046,young
383066,old
383087,old
383211,old
383289,old
383322,young
383324,young
383397,young
383419,young
383518,old
383703,old
383777,old
383838,old
383842,old
384015,old
384038,young
384089,young
384092,old
384114,old
384136,young
384416,old
384461,young
384462,old
384596,young
384670,old
384808,old
384811,old
384995,young
385057,young
385078,old
385194,old
385222,young
385248,young
385320,young
385359,young
385454,old
385508,old
385540,young
385580,old
385669,old
385861,young
385877,old
385896,young
385912,young
385918,young
386035,young
386089,old
386204,young
386332,old
386559,young
386677,young
386707,young
386718,old
386764,young
386912,old
386968,old
387042,old
387074,old
387079,young
387208,old
387250,young
387362,old
387369,young
387463,young
387725,young
387773,old
387850,old
388037,old
388161,old
388225,old
388350,young
388422,old
388439,young
388453,old
388464,old
388486,old
388531,old
388564,young
388677,old
388829,old
388903,old
389116,old
389197,young
389206,young
389256,old
389258,young
389273,old
389419,old
389453,old
389464,young
389644,old
389649,young
389771,young
389812,old
389974,old
390048,old
390068,old
390099,young
390130,old
390137,old
390292,young
390350,young
390435,young
390475,old
390585,young
390689,old
390718,old
390731,young
390760,old
390769,old
390841,old
390902,old
391140,old
391199,old
391255,old
391285,old
391365,old
391375,young
391400,old
391548,old
391603,young
391620,old
391638,young
391642,young
391662,old
391722,old
391794,old
391837,old
391862,young
391891,old
391933,old
391940,old
392022,old
392108,young
392183,young
392212,old
392320,young
392365,young
392443,old
392506,old
392511,old
392632,old
392640,young
392764,old
392781,old
392878,young
392967,old
392981,young
392990,old
393068,old
393075,old
393243,young
393511,old
393513,young
393674,old
393710,young
393720,young
393743,young
393809,old
393874,old
394033,old
394050,old
394199,old
394322,young
394418,old
394460,young
394510,young
394559,young
394677,old
394904,old
394940,young
395248,old
395291,old
395363,young
395462,young
395463,old
395606,young
395621,old
395634,old
395665,old
395717,old
395904,old
396167,young
396200,old
396350,young
396369,young
396385,old
396496,old
396617,young
396687,old
396691,young
396820,old
396863,young
397042,young
397151,young
397211,young
397225,young
397303,old
397351,old
397352,old
397636,old
397658,old
397705,old
397857,old
397890,old
398045,old
398188,young
398203,young
398237,young
398246,old
398309,old
398377,young
398423,old
398534,old
398537,old
398742,old
398798,old
398866,old
398905,old
398992,young
399205,old
399384,old
399462,young
399582,old
399636,old
399741,young
399764,old
399873,old
399879,old
399968,old
399991,young
400010,old
400117,old
400238,young
400265,old
400317,old
400456,old
400538,old
400573,old
400709,young
400794,old
400815,old
400887,young
400915,young
400925,young
400950,young
401028,young
401398,young
401403,old
401411,old
401429,old
401446,young
401484,old
401552,young
401613,young
401828,old
401833,old
401901,young
401926,young
402077,young
402115,young
402233,young
402250,young
402283,young
402328,old
402405,young
402499,young
402514,old
402588,old
402711,old
402720,old
402723,old
402795,old
402802,young
402971,old
403054,young
403078,young
403122,young
403349,old
403500,old
403565,old
403672,young
403675,old
403736,young
403885,old
403937,young
403943,old
403995,old
404027,old
404145,old
404249,young
404257,old
404367,old
404373,old
404444,old
404464,old
404476,old
404517,old
404528,old
404607,young
404687,old
404805,old
404839,young
404923,old
405093,old
405166,old
405223,old
405368,young
405444,young
405529,young
405534,young
405574,young
405648,young
405657,old
405674,old
405736,old
405740,old
405762,young
405973,old
406129,old
406147,young
406182,old
406294,young
406417,young
406534,old
406555,young
406665,old
406676,old
406723,young
406729,old
406734,old
406997,young
407121,old
407225,old
407259,old
407274,young
407286,old
407291,old
407298,young
407443,young
407532,young
407602,young
407646,young
407909,old
408039,young
408071,old
408253,old
408255,old
408288,young
408289,young
408327,old
408364,young
408449,old
408469,old
408535,young
408610,old
408696,old
408818,old
408903,young
408989,old
409016,old
409030,young
409100,old
409117,old
409198,young
409291,young
409331,old
409346,old
409439,old
409496,old
409572,old
409603,young
409627,young
409708,young
409944,old
409964,young
409970,old
409985,old
410004,old
410019,young
410101,young
410255,old
410272,old
410319,old
410328,old
410337,young
410339,old
410380,old
410456,old
410496,old
410583,old
410627,old
410810,old
411044,old
411086,old
411241,old
411303,old
411438,young
411472,old
411484,old
411564,young
411587,young
411707,old
411754,old
411768,old
411774,old
411817,old
411840,old
411908,old
411938,old
412151,old
412286,old
412304,old
412338,old
412384,young
412399,young
412437,old
412510,old
412586,young
412604,old
412876,young
412879,old
413043,young
413044,old
413124,young
413349,young
413377,old
413395,old
413432,old
413538,old
413552,young
413666,young
413685,old
413822,old
413900,old
414034,young
414071,young
414170,old
414212,old
414289,old
414343,old
414516,old
414578,old
414670,young
414709,young
414736,old
414744,young
414821,old
414852,young
414857,young
415001,old
415073,old
415135,old
415420,old
415461,young
415727,young
415770,young
415856,old
415872,young
415880,old
415882,old
415885,old
415958,young
416098,old
416105,old
416188,old
416309,old
416335,young
416384,old
416451,old
416489,old
416596,old
416660,old
416700,young
416730,young
416786,young
416911,old
416930,old
417111,old
417216,young
417355,old
417416,old
417590,young
417632,old
417849,young
417854,old
417911,old
417965,old
417980,old
417987,old
418062,old
418292,old
418300,old
418535,old
418548,old
418684,young
418816,old
418893,old
418907,old
418944,young
419158,young
419190,old
419223,young
419265,old
419369,young
419386,young
419408,young
419444,old
419453,young
419556,young
419816,young
419974,old
419989,old
420002,young
420110,old
420156,young
420281,young
420339,young
420347,old
420357,young
420411,young
420546,old
420548,old
420596,young
420697,young
420775,old
420825,old
420840,young
420878,old
421042,old
421131,old
421146,old
421218,young
421360,young
421433,old
421478,young
421564,young
421566,young
421833,old
421902,young
421915,old
421955,old
422017,young
422040,old
422155,old
422200,old
422240,old
422274,young
422375,old
422516,old
422517,old
422640,old
422676,young
422677,young
422689,young
422706,young
422725,old
422755,young
422886,old
422918,old
423113,young
423204,old
423358,young
423484,old
423498,old
423506,old
423529,old
423613,young
423619,old
423668,young
423694,old
423715,young
423773,old
423894,old
423919,young
423962,young
424147,young
424162,young
424225,old
424246,old
424268,young
424270,young
424422,old
424483,old
424548,young
424642,old
424819,old
424879,young
424933,young
425000,old
425100,young
425120,young
425136,young
425160,old
425361,old
425481,old
425555,old
425866,old
425964,old
426011,old
426070,old
426203,old
426259,old
426342,old
426453,old
426631,old
426635,young
426795,old
426878,young
426897,old
427077,young
427113,old
427118,old
427160,young
427181,young
427223,old
427245,young
427256,old
427476,young
427518,old
427612,old
427615,young
427762,young
427783,old
427820,young
427823,old
427870,young
427980,young
427997,old
428015,young
428140,old
428161,old
428241,old
428263,young
428718,young
428754,old
428881,young
429063,old
429108,old
429142,old
429290,old
429580,old
429582,young
429633,old
429717,old
429726,young
429759,old
429761,old
430054,young
430125,old
430259,old
430265,old
430377,young
430656,old
430867,young
430961,old
430989,old
431113,old
431173,young
431208,old
431404,old
431432,old
431439,young
431693,old
431738,old
431746,old
431799,young
431848,young
431854,old
431954,young
431988,young
432131,old
432146,old
432239,old
432255,young
432300,old
432330,old
432378,young
432429,young
432453,old
432488,old
432547,old
432588,old
432796,young
433103,young
433279,old
433370,old
433547,young
433574,young
433787,old
434219,young
434415,old
434548,old
434580,young
434618,young
434637,young
434657,young
434689,young
434805,young
434976,young
435391,old
435823,young
436218,old
436317,young
436387,young
436456,young
436696,young
436722,young
437118,young
437180,old
437221,young
437239,old
437332,young
437351,young
437363,old
437497,young
437540,old
437651,old
437664,young
438258,young
438304,old
438432,young
438531,young
438721,young
438723,young
438861,young
439179,old
439410,old
439525,old
439868,young
440027,young
440034,young
440060,old
440062,young
440093,young
440110,young
440171,old
440184,old
440189,young
440284,old
440352,old
440554,old
440562,old
440763,young
440769,young
440779,old
441028,old
441156,old
441287,old
441363,young
441472,old
441518,young
441539,old
441814,young
441995,old
442019,old
442136,old
442417,young
442861,old
442962,young
443313,old
443556,young
443712,old
443713,young
444294,young
444491,young
444719,old
444927,old
445128,old
445135,old
445211,old
445313,young
445567,old
445597,old
445792,young
445944,old
446301,young
446359,young
446902,young
446909,old
447089,old
447124,young
447208,old
447237,young
447460,young
447558,old
447602,young
447762,young
447787,old
447978,old
448151,young
448256,old
448269,old
448463,old
448535,old
448694,young
448998,young
449075,young
449156,old
449402,old
449454,young
449522,old
449567,young
449579,young
450355,old
450543,young
450567,old
450674,old
450711,young
450885,young
451095,young
451120,old
451214,young
451406,old
451412,young
451511,old
451714,old
451949,old
451951,old
452060,young
452113,young
452218,young
452274,young
452611,young
452759,old
452917,young
452966,old
453557,old
453757,old
453799,old
454234,old
454457,young
455219,old
455464,young
455666,young
455741,old
456199,young
456519,old
456552,young
456574,old
456991,old
457003,young
457204,old
457217,young
457230,old
457249,young
457334,old
457538,young
457631,old
457718,old
457817,old
457877,young
457884,young
458175,young
459103,old
459272,old
459301,old
459304,young
459400,young
459884,old
460289,old
460454,young
460461,young
460982,young
461063,young
461256,old
461262,old
461408,young
461491,old
461620,young
461722,young
461751,young
461860,young
461883,old
462006,young
462324,young
462486,young
462635,young
462784,old
462890,young
462929,old
462931,old
463199,old
463398,young
463640,old
463783,young
463918,young
464089,old
464265,old
464824,old
464906,old
465087,old
465199,old
465453,young
465463,young
465549,old
465566,old
465601,old
466533,young
466561,old
466818,young
466840,old
467116,young
467138,old
467151,young
467285,old
467435,old
467821,young
467931,old
468012,young
468043,young
468063,old
468161,old
468197,young
468297,young
468545,young
468577,young
468612,old
468632,young
468917,old
469067,young
469202,old
469203,old
469235,old
469529,old
469634,old
469859,old
469896,young
470161,young
470350,old
470364,old
470699,young
470714,young
471785,old
472067,old
472088,young
472211,old
472256,young
472424,old
472623,young
472643,young
472854,young
472860,young
473002,old
473204,young
473406,young
473850,young
473869,old
474078,old
474095,old
474119,old
474253,young
474741,old
475159,old
475182,old
475184,young
475191,young
475218,old
475407,old
475593,young
475725,old
475813,young
475856,old
475995,old
476258,old
476298,old
476514,old
477016,young
477025,old
477112,old
477466,young
477924,young
477946,young
478356,young
478407,young
478430,old
478522,young
478567,young
478621,young
479126,young
479557,young
480173,old
480311,young
480917,old
481064,young
481214,young
481285,old
481386,old
481996,old
482021,young
482160,young
482172,young
482362,old
482367,young
482800,old
482829,old
482848,young
483108,old
483368,young
483965,old
483999,old
484312,young
484531,old
484614,young
484681,young
484938,young
485027,old
485413,young
485447,old
485564,young
486194,young
486576,young
486770,old
486986,old
487050,old
487282,young
487418,young
487435,young
487469,old
487498,young
487659,old
488240,young
488250,old
488346,old
488693,young
488710,young
489763,young
489798,old
490084,old
490199,old
490244,old
490279,old
490280,old
490306,young
490405,old
490620,young
490629,old
490714,young
490923,young
491061,young
491223,old
491377,young
491784,old
491867,old
491902,old
491921,old
492041,old
492110,old
492282,young
492677,old
492990,old
493022,old
493218,old
493442,old
493563,young
493728,old
493864,old
494139,old
494273,young
494555,young
494629,old
495989,old
496213,young
496334,young
496575,old
496718,young
497009,old
497281,old
497330,old
497444,old
497599,old
497668,young
497838,old
498807,young
498856,young
498997,old
499095,young
499617,old
499622,old
499826,young
499940,young
500019,old
501172,old
501225,young
501242,young
501311,old
501439,old
501506,old
501919,old
502358,young
502776,young
502848,young
502852,young
502979,young
503202,old
503293,old
503518,old
503600,young
503755,old
504091,old
504621,old
504747,old
504900,old
504977,old
505213,old
505400,young
505619,old
505788,young
505814,old
506115,young
506178,old
506458,old
506515,old
506933,old
507167,young
507187,old
507427,old
507633,old
507719,young
507826,old
507833,young
508167,young
508288,old
508339,young
508370,old
508514,old
508787,young
508822,young
508977,young
509020,old
509129,old
509192,old
509366,old
509459,young
509471,young
509514,young
509589,young
509786,old
510182,old
510548,old
510798,old
511159,old
511324,old
511554,old
511654,young
511669,young
512151,old
512290,old
512451,old
512657,young
512830,young
513096,old
513319,young
513567,young
513600,young
513692,old
513965,old
514222,young
514586,young
514598,old
514787,old
514797,old
515158,old
515219,young
515241,old
515247,old
515367,young
515403,old
515444,old
515579,old
515742,young
515821,young
515850,old
515895,young
516038,young
516341,young
516345,young
517056,old
517082,young
517133,old
517135,young
517472,young
517819,old
517855,young
518133,young
518224,old
519055,young
519208,young
519329,young
519351,young
519631,old
519635,old
519744,young
519755,old
519880,young
520237,old
520427,old
520430,young
520478,old
520528,young
520530,old
520892,old
521259,old
521404,old
521906,young
521943,young
521956,old
522065,young
522418,old
522622,young
522637,young
522889,old
523097,young
523217,old
523244,old
523660,old
523871,old
524282,old
524459,old
524507,old
524799,young
525184,young
525373,young
525667,old
526000,old
526021,old
526089,old
526126,young
526222,young
526353,old
526360,old
526446,old
526654,young
526778,old
526837,old
526940,young
527054,old
527270,young
527573,old
527828,young
528046,young
528729,old
528962,old
529159,old
529166,old
529314,young
529447,young
529454,old
529455,young
529515,old
529590,old
529592,old
530509,young
530619,young
530631,old
530765,old
530934,old
531061,young
531350,old
531510,old
531532,old
531784,old
531852,old
531928,old
532211,young
532690,young
532732,young
532812,old
533106,old
533283,young
533452,young
533550,young
533976,young
534275,old
535467,young
535617,young
535770,old
535934,old
536158,old
536416,young
536741,old
536879,young
537069,young
537124,old
537206,old
537701,young
537860,old
537999,young
538122,young
539140,old
539259,old
539529,old
539555,young
540264,old
540288,old
540469,young
540498,old
540556,old
541054,old
541108,old
541744,old
541897,old
542024,old
542284,young
542717,old
542755,old
543025,old
543065,young
543082,old
543692,young
543740,young
544122,old
544351,old
544432,young
544519,young
544538,old
545002,old
545100,old
545390,old
546067,old
546444,old
546667,old
546717,old
547081,young
547222,old
547336,old
547341,young
547798,old
548223,young
548780,old
548894,old
549297,young
549390,old
549568,old
549746,young
549754,young
549797,old
549845,old
550103,old
550273,young
550601,old
550995,old
551086,old
551633,young
551804,old
551849,old
551957,young
551974,old
552065,old
552148,old
552237,young
552320,old
552545,old
552775,old
552842,old
553074,young
553253,old
553353,old
553436,young
553709,old
553731,old
553859,old
553954,old
553965,old
554114,old
554348,young
554433,old
554582,old
554620,old
554669,young
555131,young
555396,old
555461,old
555538,old
556158,old
556518,old
556537,old
556751,young
556892,old
556966,old
557107,old
557130,young
557323,old
557447,old
557556,old
557596,old
557926,old
557981,old
557998,young
558064,old
558242,young
558454,old
559062,old
559261,old
559312,old
559388,old
559474,old
559821,old
560373,old
560439,old
560718,old
560911,old
560993,young
561256,old
561337,old
561386,old
561399,old
561491,old
561589,old
561619,old
561901,young
562062,old
562101,old
562243,old
562261,old
562614,young
562655,young
562803,old
563267,old
563541,old
563575,old
563615,old
563723,young
563871,young
563909,old
564058,old
564091,old
564098,old
564281,old
564572,old
564745,young
565041,old
565043,old
565227,old
565233,young
565248,old
565353,old
565389,young
565957,old
565986,old
566173,young
566498,old
566543,young
566634,old
566672,old
566729,old
566756,young
566757,old
566771,old
566908,old
566941,old
567276,old
567340,old
567636,old
567755,young
567812,old
568259,old
568439,old
568502,old
568560,old
568587,young
569274,young
569414,young
569526,young
569543,old
569825,old
570107,old
570471,old
570539,old
570579,young
570643,old
570866,old
571012,old
571384,old
571564,old
571598,old
571718,old
572042,old
572147,young
572510,young
572725,old
573179,young
573349,old
573759,old
574069,old
574138,old
574154,old
574411,old
574692,old
574769,old
574804,old
574977,old
575020,old
575088,old
575110,old
575156,old
575194,old
575882,old
575933,old
575964,young
576045,young
576084,old
576566,young
576629,young
576652,old
576754,old
576875,old
577403,young
577870,old
577893,old
578237,old
578341,old
578441,old
578492,old
578545,old
578861,old
579226,old
579231,old
579240,old
579362,old
579438,young
580248,old
580613,old
580847,young
581040,old
581496,old
581736,young
